epoch,train,val,mAP50
1,1.1639547107012376,1.2972193369180849,0.0
